{
    "training_date": "2024-12-04 20:07:29",
    "model_version": "1.0",
    "feature_columns": [
        "age",
        "bp",
        "sg",
        "al",
        "su",
        "rbc",
        "pc",
        "pcc",
        "ba",
        "bgr",
        "bu",
        "sc",
        "sod",
        "pot",
        "hemo",
        "pcv",
        "wc",
        "rc",
        "htn",
        "dm",
        "cad",
        "appet",
        "pe",
        "ane"
    ],
    "performance_metrics": {
        "accuracy": 0.9625,
        "roc_auc": 0.2593333333333333,
        "feature_importance": {
            "age": 0.01268625343266566,
            "bp": 0.0176922961647014,
            "sg": 0.10114177453036884,
            "al": 0.06627073067111781,
            "su": 0.008423116652187894,
            "rbc": 0.005727833499514685,
            "pc": 0.006908833474948071,
            "pcc": 0.0006959630127919103,
            "ba": 0.00011216962501137094,
            "bgr": 0.028897149527100714,
            "bu": 0.031870275741667155,
            "sc": 0.14012464526894802,
            "sod": 0.0216836880869195,
            "pot": 0.0060333392824190955,
            "hemo": 0.20947964684881826,
            "pcv": 0.17474155362712285,
            "wc": 0.022484024149289374,
            "rc": 0.044280774262510814,
            "htn": 0.03991217268707119,
            "dm": 0.040951254460374946,
            "cad": 0.0,
            "appet": 0.00960288632183221,
            "pe": 0.007157270662458141,
            "ane": 0.0031223480101602373
        }
    },
    "preprocessing_steps": {
        "scaling": "StandardScaler",
        "encoding": "LabelEncoder",
        "resampling": "SMOTE"
    }
}